
# 1. COMPONENTES GENÉRICOS

# 1.1 BOTÕES 
action.home=Home
action.save=Salvar
action.delete=Excluir
action.wait=Aguarde...
action.edit=Editar
action.cancel=Cancelar
action.view=Ver detalhes
action.list=Itens cadastrados
action.create=Criar novo registro
action.restore=Restaurar
action.log=Ver histórico
action.filter=Filtrar
action.update=Atualizar
action.back=Voltar
action.next=Próximo
action.previous=Anterior
action.download=Exportar arquivo
action.upload=Importar arquivo
action.reset.password = Esqueceu a senha?
action.reset.password.request = Enviar link de redefinição
action.changepassword=Trocar Senha
action.signin=Login
action.add=Adicionar

# 1.2 TIPOS
Boolean.YES = Sim
Boolean.NO = Não

# 1.3 LABELS
label.comments=Comentários
label.comments.delete=Justificativa
label.comments.restore=Justificativa
label.enabledOnly=Apenas ativos
label.verified=Verificado
label.loading=Carregando...
label.select.empty.required=- Selecione - 
label.select.empty=-
label.viewPanel.header=Detalhes
label.editForm.header.edit=Editar
label.editForm.header.create=Criar
label.deleteForm.header=Excluir
label.restoreForm.header=Restaurar
label.upload.header=Importar arquivo
label.download.header=Exportar arquivo
label.actions=Ações
label.name=Nome
label.log=Histórico
label.shortDescription=Resumo
label.title=Título
label.expirationDate=Data de expiração
label.cityName=Cidade
label.email=E-mail
label.confirmEmail=Confirmar e-mail
label.firstName=Nome
label.lastName=Sobrenome
label.username=Login
label.phoneNumber=Telefone
label.password=Senha
label.anonymous=Anônimo
label.duration=Duração
label.confirmPassword=Repita a senha
label.address=Endereço
label.currencyCode=Moeda
label.countryCode=País
label.timeZone=Fuso horário
label.price=Preço
label.creationTime=Data de criação
label.seconds=Segundos
label.dateOfBirth=Data de nascimento
label.translateForm.title=Traduzir {0}
label.emailAddress=E-mail
label.website=Site de internet
label.placeOfBirth=Cidade de nascimento
label.youtubeChannel=Canal do youtube
label.login=Login
label.logout=Logout
label.password.change=Mudar senha
label.currentPassword=Senha atual
label.newPassword=Nova senha
label.newPasswordConfirmation=Confirmação nova senha
label.rememberMe=Lembrar no próximo login
label.description=Descrição
label.file=Arquivo
label.status=Situação
label.order=Ordem
label.translate=Traduzir
label.defaultLanguage=Idioma
label.default=Padrão

label.unit.day=dia
label.unit.day.plural=dias
label.unit.person=pessoa
label.unit.person.plural=pessoas


# 1.4 PROPRIEDADES COMUNS
label.enabled=Ativo

# 2. MENSAGENS GENÉRICAS
dwf.user.registration.confirmation.error=Seu link de confirmação expirou! É necessário gerar um novo link.
dwf.user.registration.confirmation.success=Seu usuário foi confirmado com sucesso!
dwf.user.registration.reset.error=Email não encontrado
dwf.user.registration.reset.success=Link enviado com sucesso!
dwf.user.registration.reset.change.error=Seu link de alteração expirou! É necessário gerar um novo link.
dwf.user.registration.reset.change.success=Link enviado com sucesso!
message.login.error=Usuário ou senha inválido.
message.logout.success=Logout efetuado com sucesso!
message.password.change.error=Erro ao tentar alterar a senha.
message.password.change.success=Senha alterada com sucesso!
message.confirmEmail.error=Os endereços de e-mail informados não batem
message.confirmPassword.error=As senhas informadas não são iguais
message.password.rules.error=A senha não respeita as regras
message.emailTaken=Este e-mail já está sendo utilizado. Você se esqueceu de sua senha?
dwf.persistence.annotations.constraints.PriceNotEmpty.message=O preço precisa ser preenchido
dwf.persistence.annotations.constraints.Lowercase.message=Não utilizar letras maiúsculas
label.loadingmodal=Aguarde - processando...
constraint.uniquevalue=Já existe registro com o mesmo valor.
label.recaptchaError=Por favor, clique no quadrado ao lado da frase "Não sou um robô"

# 2.2 CRUD
crud.save.update.success=Alterações gravadas com sucesso
crud.save.new.success=Novo registro gravado com sucesso
crud.edit.notfound=Registro não encontrado
crud.view.notfound=Registro não encontrado
validationexception.message=Por favor, verifique os seguintes erros:

# 2.3 ACTIVITY LOG OPERATION
log.operation.saveNew=criou
log.operation.create=criou
log.operation.update=modificou
log.operation.delete=excluiu
log.operation.restore=restaurou
log.operation.submit=enviou

# 2. DOMAIN

domain.baseUser=Usuário
domain.baseUser.plural=Usuários
baseUser.hashedpass=Senha
baseUser.roles=Permissões

# Mensagem de erros baseados em status HTTP
error.http.403=Você não tem permissão para acessar este endereço
error.http.404=Endereço inválido
error.http.500=Erro inesperado

# 3. ENUMS

dwf.persistence.enumeration.TimeUnit.MILLIS=Milissegundos
dwf.persistence.enumeration.TimeUnit.SECONDS=Segundos
dwf.persistence.enumeration.TimeUnit.MINUTES=Minutos
dwf.persistence.enumeration.TimeUnit.HOURS=Horas
dwf.persistence.enumeration.TimeUnit.DAYS=Dias
dwf.persistence.enumeration.TimeUnit.WEEKS=Semanas
dwf.persistence.enumeration.TimeUnit.MONTHS=Meses
dwf.persistence.enumeration.TimeUnit.YEARS=Anos


country.AD=Andorra
country.AE=Emirados Árabes Unidos
country.AF=Afeganistão
country.AG=Antígua e Barbuda
country.AI=Anguilla
country.AL=Albânia
country.AM=Armênia
country.AN=Antilhas Holandesas
country.AO=Angola
country.AQ=Antártida
country.AR=Argentina
country.AS=Samoa Americana
country.AT=Áustria
country.AU=Austrália
country.AW=Aruba
country.AX=Åland, Ilhas
country.AZ=Azerbaijão
country.BA=Bósnia e Herzegovina
country.BB=Barbados
country.BD=Bangladesh
country.BE=Bélgica
country.BF=Burkina Faso
country.BG=Bulgária
country.BH=Bahrain
country.BI=Burundi
country.BJ=Benim
country.BM=Bermudas
country.BN=Brunei
country.BO=Bolívia
country.BR=Brasil
country.BS=Bahamas
country.BT=Butão
country.BV=Bouvet, Ilha
country.BW=Botswana
country.BY=Bielorrússia
country.BZ=Belize
country.CA=Canadá
country.CC=Cocos, Ilhas
country.CD=Congo, República Democrática do (antigo Zaire)
country.CF=Centro-Africana, República
country.CG=Congo, República do
country.CH=Suíça
country.CI=Costa do Marfim
country.CK=Cook, Ilhas
country.CL=Chile
country.CM=Camarões
country.CN=China
country.CO=Colômbia
country.CR=Costa Rica
country.CU=Cuba
country.CV=Cabo Verde
country.CX=Christmas, Ilha
country.CY=Chipre
country.CZ=Checa, República
country.DE=Alemanha
country.DJ=Djibouti
country.DK=Dinamarca
country.DM=Dominica
country.DO=Dominicana, República
country.DZ=Argélia
country.EC=Equador
country.EE=Estónia
country.EG=Egito
country.EH=Saara Ocidental
country.ER=Eritreia
country.ES=Espanha
country.ET=Etiópia
country.FI=Finlândia
country.FJ=Fiji
country.FK=Malvinas, Ilhas (Falkland)
country.FM=Micronésia, Estados Federados da
country.FO=Feroé, Ilhas
country.FR=França
country.GA=Gabão
country.GB=Reino Unido da Grã-Bretanha e Irlanda do Norte
country.GD=Grenada
country.GE=Geórgia
country.GF=Guiana Francesa
country.GG=Guernsey
country.GH=Gana
country.GI=Gibraltar
country.GL=Groenlândia
country.GM=Gâmbia
country.GN=Guiné-Conacri
country.GP=Guadalupe
country.GQ=Guiné Equatorial
country.GR=Grécia
country.GS=Geórgia do Sul e Sandwich do Sul, Ilhas
country.GT=Guatemala
country.GU=Guam
country.GW=Guiné-Bissau
country.GY=Guiana
country.HK=Hong Kong
country.HM=Heard e Ilhas McDonald, Ilha
country.HN=Honduras
country.HR=Croácia
country.HT=Haiti
country.HU=Hungria
country.ID=Indonésia
country.IE=Irlanda
country.IL=Israel
country.IM=Man, Ilha de
country.IN=Índia
country.IO=Território Britânico do Oceano Índico
country.IQ=Iraque
country.IR=Irã
country.IS=Islândia
country.IT=Itália
country.JE=Jersey
country.JM=Jamaica
country.JO=Jordânia
country.JP=Japão
country.KE=Quênia
country.KG=Quirguistão
country.KH=Cambodja
country.KI=Kiribati
country.KM=Comores
country.KN=São Cristóvão e Névis (Saint Kitts e Nevis)
country.KP=Coreia, República Democrática da (Coreia do Norte)
country.KR=Coreia do Sul
country.KW=Kuwait
country.KY=Cayman, Ilhas
country.KZ=Cazaquistão
country.LA=Laos
country.LB=Líbano
country.LC=Santa Lúcia
country.LI=Liechtenstein
country.LK=Sri Lanka
country.LR=Libéria
country.LS=Lesoto
country.LT=Lituânia
country.LU=Luxemburgo
country.LV=Letônia
country.LY=Líbia
country.MA=Marrocos
country.MC=Mônaco
country.MD=Moldávia
country.ME=Montenegro
country.MG=Madagáscar
country.MH=Marshall, Ilhas
country.MK=Macedônia, República da
country.ML=Mali
country.MM=Myanmar (antiga Birmânia)
country.MN=Mongólia
country.MO=Macau
country.MP=Marianas Setentrionais
country.MQ=Martinica
country.MR=Mauritânia
country.MS=Montserrat
country.MT=Malta
country.MU=Maurícia
country.MV=Maldivas
country.MW=Malawi
country.MX=México
country.MY=Malásia
country.MZ=Moçambique
country.NA=Namíbia
country.NC=Nova Caledônia
country.NE=Níger
country.NF=Norfolk, Ilha
country.NG=Nigéria
country.NI=Nicarágua
country.NL=Países Baixos (Holanda)
country.NO=Noruega
country.NP=Nepal
country.NR=Nauru
country.NU=Niue
country.NZ=Nova Zelândia (Aotearoa)
country.OM=Oman
country.PA=Panamá
country.PE=Peru
country.PF=Polinésia Francesa
country.PG=Papua-Nova Guiné
country.PH=Filipinas
country.PK=Paquistão
country.PL=Polônia
country.PM=Saint Pierre et Miquelon
country.PN=Pitcairn
country.PR=Porto Rico
country.PS=Palestina
country.PT=Portugal
country.PW=Palau
country.PY=Paraguai
country.QA=Qatar
country.RE=Reunião
country.RO=Romênia
country.RS=Sérvia
country.RU=Rússia
country.RW=Ruanda
country.SA=Arábia Saudita
country.SB=Salomão, Ilhas
country.SC=Seychelles
country.SD=Sudão
country.SE=Suécia
country.SG=Singapura
country.SH=Santa Helena
country.SI=Eslovênia
country.SJ=Svalbard e Jan Mayen
country.SK=Eslováquia
country.SL=Serra Leoa
country.SM=San Marino
country.SN=Senegal
country.SO=Somália
country.SR=Suriname
country.SS=Sudão do Sul
country.ST=São Tomé e Príncipe
country.SV=El Salvador
country.SY=Síria
country.SZ=Suazilândia
country.TC=Turks e Caicos
country.TD=Chade
country.TF=Terras Austrais e Antárticas Francesas (TAAF)
country.TG=Togo
country.TH=Tailândia
country.TJ=Tajiquistão
country.TK=Toquelau
country.TL=Timor-Leste
country.TM=Turquemenistão
country.TN=Tunísia
country.TO=Tonga
country.TR=Turquia
country.TT=Trindade e Tobago
country.TV=Tuvalu
country.TW=Taiwan
country.TZ=Tanzânia
country.UA=Ucrânia
country.UG=Uganda
country.UM=Menores Distantes dos Estados Unidos, Ilhas
country.US=Estados Unidos
country.UY=Uruguai
country.UZ=Usbequistão
country.VA=Vaticano
country.VC=São Vicente e Granadinas
country.VE=Venezuela
country.VG=Virgens Britânicas, Ilhas
country.VI=Virgens Americanas, Ilhas
country.VN=Vietnam
country.VU=Vanuatu
country.WF=Wallis e Futuna
country.WS=Samoa (Samoa Ocidental)
country.YE=Iémen
country.YT=Mayotte
country.ZA=África do Sul
country.ZM=Zâmbia
country.ZW=Zimbabwe

currency.XFU=UIC franc (special settlement currency)
currency.ALL=Lek
currency.DZD=Dinar argelino
currency.ARS=Peso Argentino
currency.AUD=Dólar australiano
currency.BSD=Dólar das Bahamas
currency.BHD=Dinar do Bahrein
currency.BDT=Taka
currency.AMD=Dram
currency.BBD=Dólar de Barbados
currency.BMD=Dólar de Bermuda
currency.BTN=Ngultrum
currency.BOB=Boliviano
currency.BWP=Pula
currency.BZD=Dólar do Belize
currency.SBD=Dólar das Ilhas Salomão
currency.BND=Dólar do Brunei
currency.MMK=Kyat
currency.BIF=Franco do Burundi
currency.KHR=Riel
currency.CAD=Dólar canadense
currency.CVE=Escudo cabo-verdiano
currency.KYD=Dólar das Ilhas Caimão
currency.LKR=Rupia do Sri Lanka
currency.CLP=Peso chileno
currency.CNY=Renminbi
currency.COP=Peso colombiano
currency.KMF=Franco das Comoros
currency.CRC=Colon da Costa Rica
currency.HRK=Kuna
currency.CUP=Peso cubano
currency.CZK=Coroa
currency.DKK=Coroa dinamarquesa
currency.DOP=Peso
currency.ETB=Birr etíope
currency.ERN=Nakfa
currency.FKP=Libra das Malvinas
currency.FJD=Dólar das Fiji
currency.DJF=Franco do Djibouti
currency.GMD=Dalasi
currency.GIP=Libra de Gibraltar
currency.GTQ=Quetzal guatemalteco
currency.GNF=Franco da Guiné
currency.GYD=Dólar da Guiana
currency.HTG=Gourde
currency.HNL=Lempira
currency.HKD=Dólar de Hong Kong
currency.HUF=Forint
currency.ISK=Coroa islandesa
currency.INR=Rupia indiana
currency.IDR=Rupia indonésia
currency.IRR=Rial iraniano
currency.IQD=Dinar iraquiano
currency.ILS=Shekel
currency.JMD=Dólar jamaicano
currency.JPY=Iene
currency.KZT=Tenge
currency.JOD=Dinar jordano
currency.KES=Xelim queniano
currency.KPW=Won norte coreano
currency.KRW=Won sul coreano
currency.KWD=Dinar do Kuwait
currency.KGS=Som
currency.LAK=Kip
currency.LBP=Libra libanesa
currency.LSL=Loti
currency.LRD=Dólar da Libéria
currency.LYD=Dinar da Líbia
currency.LTL=Litas
currency.MOP=Pataca
currency.MWK=Kwacha
currency.MYR=Ringgit
currency.MVR=Rufiyaa
currency.MRO=Ouguiya
currency.MUR=Rupia da Maurícia
currency.MXN=Peso mexicano
currency.MNT=Tugrik
currency.MDL=Leu
currency.MAD=Dirham marroquino
currency.OMR=Rial Omani
currency.NAD=Dólar da Namíbia
currency.NPR=Rupia nepalesa
currency.ANG=Florim
currency.AWG=Florim de Aruba
currency.VUV=Vatu
currency.NZD=Dólar da Nova Zelândia
currency.NIO=Cordoba Oro
currency.NGN=Naira
currency.NOK=Coroa norueguesa
currency.PKR=Rupia paquistanesa
currency.PAB=Balboa (O dólar americano USD é a moeda corrente no país)
currency.PGK=Kina
currency.PYG=Guarani
currency.PEN=Nuevo Sol
currency.PHP=Peso filipino
currency.QAR=Rial do Qatar
currency.RUB=Rublo
currency.RWF=Franco do Ruanda
currency.SHP=Libra de Santa Helena
currency.STD=Dobra
currency.SAR=Riyal
currency.SCR=Rupia das Seychelles
currency.SLL=Leone
currency.SGD=Dólar de Cingapura
currency.VND=Dong
currency.SOS=Xelim somali
currency.ZAR=Rand
currency.SZL=Lilangeni
currency.SEK=Coroa Sueca
currency.CHF=Franco suíço
currency.SYP=Libra da Síria
currency.THB=Baht
currency.TOP=Pa'anga
currency.TTD=Dólar de Trindade e Tobago
currency.AED=Dirham dos Emirados
currency.TND=Dinar tunisino
currency.UGX=Xelim do Uganda
currency.MKD=Denar
currency.EGP=Libra egípcia
currency.GBP=Libra Esterlina
currency.TZS=Xelim da Tanzânia
currency.USD=Dólar (EUA)
currency.UYU=Peso Uruguaio
currency.UZS=Som Uzbeque
currency.WST=Tala
currency.YER=Rial do Iémene
currency.TWD=Novo Dólar de Taiwan
currency.CUC=Cuban convertible peso
currency.ZWD=Zimbabwe dollar
currency.TMT=Manat turcomano
currency.GHS=Cedi
currency.VEF=Venezuelan bolívar fuerte
currency.SDG=Dinar sudanês
currency.UYI=Peso do Uruguay em Unidades Indexadas
currency.RSD=Dinar Sérvio
currency.MZN=Metical
currency.AZN=Manat do Azerbaijão
currency.RON=RON
currency.CHE=WIR euro (moeda complementar)
currency.CHW=WIR franc (moeda complementar)
currency.TRY=Nova Lira turca
currency.XAF=Franco CFA BEAC
currency.XCD=Dólar das Caraíbas Orientais
currency.XOF=Franco CFA BCEAO
currency.XPF=Franco CFP
currency.XBA=European Composite Unit(EURCO) (bond market unit)
currency.XBB=European Monetary Unit(E.M.U.-6) (bond market unit)
currency.XBC=European Unit of Account 9(E.U.A.-9) (bond market unit)
currency.XBD=European Unit of Account 17(E.U.A.-17) (bond market unit)
currency.XAU=Ouro
currency.XDR=Special Drawing Rights
currency.XAG=Prata
currency.XPT=Platina
currency.XTS=Reservado para efeitos de teste
currency.XPD=Paládio
currency.SRD=Dólar do Suriname
currency.MGA=Ariary
currency.COU=Unidade de Valor Real
currency.AFN=Afegane
currency.TJS=Somoni
currency.AOA=Kwanza
currency.BYR=Rublo bielorrusso
currency.BGN=Lev
currency.CDF=Franco congolês
currency.BAM=Marco convertível
currency.EUR=Euro
currency.MXV=Unidade Mexicana de Investimento
currency.UAH=Grívnia
currency.GEL=Lari
currency.BOV=Boliviano Mvdol
currency.PLN=Zloty
currency.BRL=Real
currency.CLF=Unidade de Fomento (código de fundos)

currency.symbol.ALL=Lek
currency.symbol.AFN=\u060B
currency.symbol.ARS=$
currency.symbol.AWG=\u0192
currency.symbol.AUD=$
currency.symbol.AZN=\u043C\u0430\u043D
currency.symbol.BSD=$
currency.symbol.BBD=$
currency.symbol.BYR=p.
currency.symbol.BZD=BZ$
currency.symbol.BMD=$
currency.symbol.BOB=$b
currency.symbol.BAM=KM
currency.symbol.BWP=P
currency.symbol.BGN=\u043B\u0432
currency.symbol.BRL=R$
currency.symbol.BND=$
currency.symbol.KHR=\u17DB
currency.symbol.CAD=$
currency.symbol.KYD=$
currency.symbol.CLP=$
currency.symbol.CNY=¥
currency.symbol.COP=$
currency.symbol.CRC=\u20A1
currency.symbol.HRK=kn
currency.symbol.CUP=\u20B1
currency.symbol.CZK=K\u010D
currency.symbol.DKK=kr
currency.symbol.DOP=RD$
currency.symbol.XCD=$
currency.symbol.EGP=£
currency.symbol.SVC=$
currency.symbol.EEK=kr
currency.symbol.EUR=\u20AC
currency.symbol.FKP=£
currency.symbol.FJD=$
currency.symbol.GHC=¢
currency.symbol.GIP=£
currency.symbol.GTQ=Q
currency.symbol.GGP=£
currency.symbol.GYD=$
currency.symbol.HNL=L
currency.symbol.HKD=$
currency.symbol.HUF=Ft
currency.symbol.ISK=kr
currency.symbol.INR=\u20B9
currency.symbol.IDR=Rp
currency.symbol.IRR=\uFDFC
currency.symbol.IMP=£
currency.symbol.ILS=\u20AA
currency.symbol.JMD=J$
currency.symbol.JPY=¥
currency.symbol.JEP=£
currency.symbol.KZT=\u043B\u0432
currency.symbol.KPW=\u20A9
currency.symbol.KRW=\u20A9
currency.symbol.KGS=\u043B\u0432
currency.symbol.LAK=\u20AD
currency.symbol.LVL=Ls
currency.symbol.LBP=£
currency.symbol.LRD=$
currency.symbol.LTL=Lt
currency.symbol.MKD=\u0434\u0435\u043D
currency.symbol.MYR=RM
currency.symbol.MUR=\u20A8
currency.symbol.MXN=$
currency.symbol.MNT=\u20AE
currency.symbol.MZN=MT
currency.symbol.NAD=$
currency.symbol.NPR=\u20A8
currency.symbol.ANG=\u0192
currency.symbol.NZD=$
currency.symbol.NIO=C$
currency.symbol.NGN=\u20A6
currency.symbol.NOK=kr
currency.symbol.OMR=\uFDFC
currency.symbol.PKR=\u20A8
currency.symbol.PAB=B/.
currency.symbol.PYG=Gs
currency.symbol.PEN=S/.
currency.symbol.PHP=\u20B1
currency.symbol.PLN=z\u0142
currency.symbol.QAR=\uFDFC
currency.symbol.RON=lei
currency.symbol.RUB=\u0440\u0443\u0431
currency.symbol.SHP=£
currency.symbol.SAR=\uFDFC
currency.symbol.RSD=\u0414\u0438\u043D.
currency.symbol.SCR=\u20A8
currency.symbol.SGD=$
currency.symbol.SBD=$
currency.symbol.SOS=S
currency.symbol.ZAR=S
currency.symbol.LKR=\u20A8
currency.symbol.SEK=kr
currency.symbol.CHF=CHF
currency.symbol.SRD=$
currency.symbol.SYP=£
currency.symbol.TWD=NT$
currency.symbol.THB=\u0E3F
currency.symbol.TTD=TT$
currency.symbol.TRL=\u20A4
currency.symbol.TVD=$
currency.symbol.UAH=\u20B4
currency.symbol.GBP=£
currency.symbol.USD=US$
currency.symbol.UYU=$U
currency.symbol.UZS=\u043B\u0432
currency.symbol.VEF=Bs
currency.symbol.VND=\u20AB
currency.symbol.YER=\uFDFC
currency.symbol.ZWD=Z$


locale.pt-BR=Português (BR)
locale.en-US=English
locale.es=Español

timezone.Pacific/Niue=(GMT-11:00) Niue
timezone.Pacific/Pago_Pago=(GMT-11:00) Pago Pago
timezone.Pacific/Honolulu=(GMT-10:00) Horário do Havaí
timezone.Pacific/Rarotonga=(GMT-10:00) Rarotonga
timezone.Pacific/Tahiti=(GMT-10:00) Taiti
timezone.Pacific/Marquesas=(GMT-09:30) Marquesas
timezone.America/Anchorage=(GMT-08:00) Horário do Alaska
timezone.Pacific/Gambier=(GMT-09:00) Gambier
timezone.America/Los_Angeles=(GMT-07:00) Horário do Pacífico
timezone.America/Tijuana=(GMT-07:00) Horário do Pacífico - Tijuana
timezone.America/Vancouver=(GMT-07:00) Horário do Pacífico - Vancouver
timezone.America/Whitehorse=(GMT-07:00) Horário do Pacífico - Whitehorse
timezone.Pacific/Pitcairn=(GMT-08:00) Pitcairn
timezone.America/Dawson_Creek=(GMT-07:00) Horário das Montanhas - Dawson Creek
timezone.America/Denver=(GMT-06:00) Horário das Montanhas
timezone.America/Edmonton=(GMT-06:00) Horário das Montanhas - Edmonton
timezone.America/Hermosillo=(GMT-07:00) Horário das Montanhas - Hermosillo
timezone.America/Mazatlan=(GMT-06:00) Horário das Montanhas - Chihuahua, Mazatlan
timezone.America/Phoenix=(GMT-07:00) Horário das Montanhas - Arizona
timezone.America/Yellowknife=(GMT-06:00) Horário das Montanhas - Yellowknife
timezone.America/Belize=(GMT-06:00) Belize
timezone.America/Chicago=(GMT-05:00) Horário Central
timezone.America/Costa_Rica=(GMT-06:00) Costa Rica
timezone.America/El_Salvador=(GMT-06:00) El Salvador
timezone.America/Guatemala=(GMT-06:00) Guatemala
timezone.America/Managua=(GMT-06:00) Manágua
timezone.America/Mexico_City=(GMT-05:00) Horário central - Cidade do México
timezone.America/Regina=(GMT-06:00) Hora central - Regina
timezone.America/Tegucigalpa=(GMT-06:00) Hora Central - Tegucigalpa
timezone.America/Winnipeg=(GMT-05:00) Horário Central - Winnipeg
timezone.Pacific/Galapagos=(GMT-06:00) Galápagos
timezone.America/Bogota=(GMT-05:00) Bogotá
timezone.America/Cancun=(GMT-05:00) América/Cancún
timezone.America/Cayman=(GMT-04:00) Caimã
timezone.America/Guayaquil=(GMT-05:00) Guayaquil
timezone.America/Havana=(GMT-04:00) Havana
timezone.America/Iqaluit=(GMT-04:00) Hora do Leste - Iqaluit
timezone.America/Jamaica=(GMT-05:00) Jamaica
timezone.America/Lima=(GMT-05:00) Lima
timezone.America/Nassau=(GMT-04:00) Nassau
timezone.America/New_York=(GMT-04:00) Horário do Leste
timezone.America/Panama=(GMT-05:00) Panamá
timezone.America/Port-au-Prince=(GMT-04:00) Porto Príncipe
timezone.America/Rio_Branco=(GMT-05:00) Rio Branco
timezone.America/Toronto=(GMT-04:00) Horário do Leste - Toronto
timezone.Pacific/Easter=(GMT-05:00) Ilha de Páscoa
timezone.America/Caracas=(GMT-04:30) Caracas
timezone.America/Asuncion=(GMT-04:00) Asunción
timezone.America/Barbados=(GMT-04:00) Barbados
timezone.America/Boa_Vista=(GMT-04:00) Boa Vista
timezone.America/Campo_Grande=(GMT-04:00) Campo Grande
timezone.America/Cuiaba=(GMT-04:00) Cuiabá
timezone.America/Curacao=(GMT-04:00) Curaçao
timezone.America/Grand_Turk=(GMT-04:00) Grand Turk
timezone.America/Guyana=(GMT-04:00) Guiana
timezone.America/Halifax=(GMT-03:00) Horário do Atlântico - Halifax
timezone.America/La_Paz=(GMT-04:00) La Paz
timezone.America/Manaus=(GMT-04:00) Manaus
timezone.America/Martinique=(GMT-04:00) Martinica
timezone.America/Port_of_Spain=(GMT-04:00) Porto Espanha
timezone.America/Porto_Velho=(GMT-04:00) Porto Velho
timezone.America/Puerto_Rico=(GMT-04:00) Porto Rico
timezone.America/Santo_Domingo=(GMT-04:00) Santo Domingo
timezone.America/Thule=(GMT-03:00) Thule
timezone.Atlantic/Bermuda=(GMT-03:00) Bermudas
timezone.America/St_Johns=(GMT-02:30) Horário de Terra Nova - St. Johns
timezone.America/Araguaina=(GMT-03:00) Araguaína
timezone.America/Argentina/Buenos_Aires=(GMT-03:00) Buenos Aires
timezone.America/Bahia=(GMT-03:00) Salvador
timezone.America/Belem=(GMT-03:00) Belém
timezone.America/Cayenne=(GMT-03:00) Caiena
timezone.America/Fortaleza=(GMT-03:00) Fortaleza
timezone.America/Godthab=(GMT-02:00) Godthab
timezone.America/Maceio=(GMT-03:00) Maceió
timezone.America/Miquelon=(GMT-02:00) Miquelon
timezone.America/Montevideo=(GMT-03:00) Montevidéu
timezone.America/Paramaribo=(GMT-03:00) Paramaribo
timezone.America/Recife=(GMT-03:00) Recife
timezone.America/Santiago=(GMT-03:00) Santiago
timezone.America/Sao_Paulo=(GMT-03:00) Brasília
timezone.Antarctica/Palmer=(GMT-03:00) Palmer
timezone.Antarctica/Rothera=(GMT-03:00) Rothera
timezone.Atlantic/Stanley=(GMT-03:00) Stanley
timezone.America/Noronha=(GMT-02:00) Fernando de Noronha
timezone.Atlantic/South_Georgia=(GMT-02:00) Geórgia do Sul
timezone.America/Scoresbysund=(GMT+00:00) Scoresbysund
timezone.Atlantic/Azores=(GMT+00:00) Açores
timezone.Atlantic/Cape_Verde=(GMT-01:00) Cabo Verde
timezone.Africa/Abidjan=(GMT+00:00) Abidjã
timezone.Africa/Accra=(GMT+00:00) Accra
timezone.Africa/Bissau=(GMT+00:00) Bissau
timezone.Africa/Casablanca=(GMT+01:00) Casablanca
timezone.Africa/El_Aaiun=(GMT+01:00) El Aaiun
timezone.Africa/Monrovia=(GMT+00:00) Monróvia
timezone.America/Danmarkshavn=(GMT+00:00) Danmarkshavn
timezone.Atlantic/Canary=(GMT+01:00) Ilhas Canárias
timezone.Atlantic/Faroe=(GMT+01:00) Ilhas Faroe
timezone.Atlantic/Reykjavik=(GMT+00:00) Reykjavik
timezone.Etc/GMT=(GMT+00:00) GMT (sem horário de verão)
timezone.Europe/Dublin=(GMT+01:00) Dublin
timezone.Europe/Lisbon=(GMT+01:00) Lisboa
timezone.Europe/London=(GMT+01:00) Londres
timezone.Africa/Algiers=(GMT+01:00) Argel
timezone.Africa/Ceuta=(GMT+02:00) Ceuta
timezone.Africa/Lagos=(GMT+01:00) Lagos
timezone.Africa/Ndjamena=(GMT+01:00) Ndjamena
timezone.Africa/Tunis=(GMT+01:00) Tunísia
timezone.Africa/Windhoek=(GMT+01:00) Windhoek
timezone.Europe/Amsterdam=(GMT+02:00) Amsterdã
timezone.Europe/Andorra=(GMT+02:00) Andorra
timezone.Europe/Belgrade=(GMT+02:00) Horário da Europa Central - Belgrado
timezone.Europe/Berlin=(GMT+02:00) Berlim
timezone.Europe/Brussels=(GMT+02:00) Bruxelas
timezone.Europe/Budapest=(GMT+02:00) Budapeste
timezone.Europe/Copenhagen=(GMT+02:00) Copenhague
timezone.Europe/Gibraltar=(GMT+02:00) Gibraltar
timezone.Europe/Luxembourg=(GMT+02:00) Luxemburgo
timezone.Europe/Madrid=(GMT+02:00) Madri
timezone.Europe/Malta=(GMT+02:00) Malta
timezone.Europe/Monaco=(GMT+02:00) Mônaco
timezone.Europe/Oslo=(GMT+02:00) Oslo
timezone.Europe/Paris=(GMT+02:00) Paris
timezone.Europe/Prague=(GMT+02:00) Hora da Europa Central - Praga
timezone.Europe/Rome=(GMT+02:00) Roma
timezone.Europe/Stockholm=(GMT+02:00) Estocolmo
timezone.Europe/Tirane=(GMT+02:00) Tirana
timezone.Europe/Vienna=(GMT+02:00) Viena
timezone.Europe/Warsaw=(GMT+02:00) Varsóvia
timezone.Europe/Zurich=(GMT+02:00) Zurique
timezone.Africa/Cairo=(GMT+02:00) Cairo
timezone.Africa/Johannesburg=(GMT+02:00) Johannesburgo
timezone.Africa/Maputo=(GMT+02:00) Maputo
timezone.Africa/Tripoli=(GMT+02:00) Trípoli
timezone.Asia/Amman=(GMT+03:00) Amã
timezone.Asia/Beirut=(GMT+03:00) Beirute
timezone.Asia/Damascus=(GMT+03:00) Damasco
timezone.Asia/Gaza=(GMT+03:00) Gaza
timezone.Asia/Jerusalem=(GMT+03:00) Jerusalém
timezone.Asia/Nicosia=(GMT+03:00) Nicósia
timezone.Europe/Athens=(GMT+03:00) Atenas
timezone.Europe/Bucharest=(GMT+03:00) Bucareste
timezone.Europe/Chisinau=(GMT+03:00) Chisinau
timezone.Europe/Helsinki=(GMT+03:00) Helsinque
timezone.Europe/Istanbul=(GMT+03:00) Istambul
timezone.Europe/Kaliningrad=(GMT+02:00) Moscou-01 - Kaliningrado
timezone.Europe/Kiev=(GMT+03:00) Kiev
timezone.Europe/Riga=(GMT+03:00) Riga
timezone.Europe/Sofia=(GMT+03:00) Sófia
timezone.Europe/Tallinn=(GMT+03:00) Tallinn
timezone.Europe/Vilnius=(GMT+03:00) Vilnius
timezone.Africa/Khartoum=(GMT+03:00) Khartoum
timezone.Africa/Nairobi=(GMT+03:00) Nairóbi
timezone.Antarctica/Syowa=(GMT+03:00) Syowa
timezone.Asia/Baghdad=(GMT+03:00) Bagdá
timezone.Asia/Qatar=(GMT+03:00) Catar
timezone.Asia/Riyadh=(GMT+03:00) Riad
timezone.Europe/Minsk=(GMT+03:00) Minsk
timezone.Europe/Moscow=(GMT+03:00) Moscou+00 - Moscou
timezone.Asia/Tehran=(GMT+03:30) Teerã
timezone.Asia/Baku=(GMT+05:00) Baku
timezone.Asia/Dubai=(GMT+04:00) Dubai
timezone.Asia/Tbilisi=(GMT+04:00) Tbilisi
timezone.Asia/Yerevan=(GMT+04:00) Ierevan
timezone.Europe/Samara=(GMT+04:00) Moscou+01 - Samara
timezone.Indian/Mahe=(GMT+04:00) Mahe
timezone.Indian/Mauritius=(GMT+04:00) Ilhas Maurício
timezone.Indian/Reunion=(GMT+04:00) Ilha Reunião
timezone.Asia/Kabul=(GMT+04:30) Cabul
timezone.Antarctica/Mawson=(GMT+05:00) Mawson
timezone.Asia/Aqtau=(GMT+05:00) Aqtau
timezone.Asia/Aqtobe=(GMT+05:00) Aqtobe
timezone.Asia/Ashgabat=(GMT+05:00) Ashgabat
timezone.Asia/Dushanbe=(GMT+05:00) Dushanbe
timezone.Asia/Karachi=(GMT+05:00) Karachi
timezone.Asia/Tashkent=(GMT+05:00) Tashkent
timezone.Asia/Yekaterinburg=(GMT+05:00) Moscou+02 - Yekaterinburgo
timezone.Indian/Kerguelen=(GMT+05:00) Kerguelen
timezone.Indian/Maldives=(GMT+05:00) Maldivas
timezone.Asia/Calcutta=(GMT+05:30) Horário oficial da Índia
timezone.Asia/Colombo=(GMT+05:30) Colombo
timezone.Asia/Katmandu=(GMT+05:45) Catmandu
timezone.Antarctica/Vostok=(GMT+06:00) Vostok
timezone.Asia/Almaty=(GMT+06:00) Almaty
timezone.Asia/Bishkek=(GMT+06:00) Bishkek
timezone.Asia/Dhaka=(GMT+06:00) Dacca
timezone.Asia/Omsk=(GMT+06:00) Moscou+03 - Omsk, Novosibirsk
timezone.Asia/Thimphu=(GMT+06:00) Thimphu
timezone.Indian/Chagos=(GMT+06:00) Chagos
timezone.Asia/Rangoon=(GMT+06:30) Rangoon
timezone.Indian/Cocos=(GMT+06:30) Cocos
timezone.Antarctica/Davis=(GMT+07:00) Davis
timezone.Asia/Bangkok=(GMT+07:00) Bangkok
timezone.Asia/Hovd=(GMT+08:00) Hovd
timezone.Asia/Jakarta=(GMT+07:00) Jacarta
timezone.Asia/Krasnoyarsk=(GMT+07:00) Moscou+04 - Krasnoyarsk
timezone.Asia/Saigon=(GMT+07:00) Hanoi
timezone.Indian/Christmas=(GMT+07:00) Christmas
timezone.Antarctica/Casey=(GMT+08:00) Casey
timezone.Asia/Brunei=(GMT+08:00) Brunei
timezone.Asia/Choibalsan=(GMT+09:00) Choibalsan
timezone.Asia/Hong_Kong=(GMT+08:00) Hong Kong
timezone.Asia/Irkutsk=(GMT+08:00) Moscou+05 - Irkutsk
timezone.Asia/Kuala_Lumpur=(GMT+08:00) Kuala Lumpur
timezone.Asia/Macau=(GMT+08:00) Macau
timezone.Asia/Makassar=(GMT+08:00) Makassar
timezone.Asia/Manila=(GMT+08:00) Manila
timezone.Asia/Shanghai=(GMT+08:00) Horário da China - Pequim
timezone.Asia/Singapore=(GMT+08:00) Cingapura
timezone.Asia/Taipei=(GMT+08:00) Taipei
timezone.Asia/Ulaanbaatar=(GMT+09:00) Ulaanbaatar
timezone.Australia/Perth=(GMT+08:00) Horário do Leste - Perth
timezone.Asia/Dili=(GMT+09:00) Dili
timezone.Asia/Jayapura=(GMT+09:00) Jayapura
timezone.Asia/Pyongyang=(GMT+09:00) Pyongyang
timezone.Asia/Seoul=(GMT+09:00) Seul
timezone.Asia/Tokyo=(GMT+09:00) Tóquio
timezone.Asia/Yakutsk=(GMT+09:00) Moscou+06 - Yakutsk
timezone.Pacific/Palau=(GMT+09:00) Palau
timezone.Australia/Adelaide=(GMT+09:30) Horário Central - Adelaide
timezone.Australia/Darwin=(GMT+09:30) Horário Central - Darwin
timezone.Antarctica/DumontDUrville=(GMT+10:00) Dumont D'Urville
timezone.Asia/Magadan=(GMT+10:00) Moscou+07 - Magadan
timezone.Asia/Vladivostok=(GMT+10:00) Moscou+07 - Yuzhno-Sakhalinsk
timezone.Australia/Brisbane=(GMT+10:00) Horário do Leste - Brisbane
timezone.Australia/Hobart=(GMT+10:00) Horário do Leste - Hobart
timezone.Australia/Sydney=(GMT+10:00) Horário do Leste - Melbourne, Sidney
timezone.Pacific/Chuuk=(GMT+10:00) Truk
timezone.Pacific/Guam=(GMT+10:00) Guam
timezone.Pacific/Port_Moresby=(GMT+10:00) Port Moresby
timezone.Pacific/Efate=(GMT+11:00) Efate
timezone.Pacific/Guadalcanal=(GMT+11:00) Guadalcanal
timezone.Pacific/Kosrae=(GMT+11:00) Kosrae
timezone.Pacific/Noumea=(GMT+11:00) Noumea
timezone.Pacific/Pohnpei=(GMT+11:00) Ponape
timezone.Pacific/Norfolk=(GMT+11:30) Norfolk
timezone.Asia/Kamchatka=(GMT+12:00) Moscou+09 - Petropavlovsk-Kamchatskiy
timezone.Pacific/Auckland=(GMT+12:00) Auckland
timezone.Pacific/Fiji=(GMT+12:00) Fiji
timezone.Pacific/Funafuti=(GMT+12:00) Funafuti
timezone.Pacific/Kwajalein=(GMT+12:00) Kwajalein
timezone.Pacific/Majuro=(GMT+12:00) Majuro
timezone.Pacific/Nauru=(GMT+12:00) Nauru
timezone.Pacific/Tarawa=(GMT+12:00) Tarawa
timezone.Pacific/Wake=(GMT+12:00) Wake
timezone.Pacific/Wallis=(GMT+12:00) Wallis
timezone.Pacific/Apia=(GMT+13:00) Apia
timezone.Pacific/Enderbury=(GMT+13:00) Enderbury
timezone.Pacific/Fakaofo=(GMT+13:00) Fakaofo
timezone.Pacific/Tongatapu=(GMT+13:00) Tongatapu
timezone.Pacific/Kiritimati=(GMT+14:00) Kiritimati


brbank.name.654=Banco A.J.Renner S.A.
brbank.name.246=Banco ABC Brasil S.A.
brbank.name.25=Banco Alfa S.A.
brbank.name.641=Banco Alvorada S.A.
brbank.name.213=Banco Arbi S.A.
brbank.name.19=Banco Azteca do Brasil S.A.
brbank.name.29=Banco Banerj S.A.
brbank.name.0=Banco Bankpar S.A.
brbank.name.740=Banco Barclays S.A.
brbank.name.107=Banco BBM S.A.
brbank.name.31=Banco Beg S.A.
brbank.name.739=Banco BGN S.A.
brbank.name.96=Banco BM&F de Serviços de Liquidação e Custódia S.A
brbank.name.318=Banco BMG S.A.
brbank.name.752=Banco BNP Paribas Brasil S.A.
brbank.name.248=Banco Boavista Interatlântico S.A.
brbank.name.218=Banco Bonsucesso S.A.
brbank.name.65=Banco Bracce S.A.
brbank.name.36=Banco Bradesco BBI S.A.
brbank.name.204=Banco Bradesco Cartões S.A.
brbank.name.394=Banco Bradesco Financiamentos S.A.
brbank.name.237=Banco Bradesco S.A.
brbank.name.225=Banco Brascan S.A.
brbank.name.M15=Banco BRJ S.A.
brbank.name.208=Banco BTG Pactual S.A.
brbank.name.44=Banco BVA S.A.
brbank.name.263=Banco Cacique S.A.
brbank.name.473=Banco Caixa Geral - Brasil S.A.
brbank.name.412=Banco Capital S.A.
brbank.name.40=Banco Cargill S.A.
brbank.name.745=Banco Citibank S.A.
brbank.name.M08=Banco Citicard S.A.
brbank.name.241=Banco Clássico S.A.
brbank.name.M19=Banco CNH Capital S.A.
brbank.name.215=Banco Comercial e de Investimento Sudameris S.A.
brbank.name.756=Banco Cooperativo do Brasil S.A. - BANCOOB
brbank.name.748=Banco Cooperativo Sicredi S.A.
brbank.name.75=Banco CR2 S.A.
brbank.name.721=Banco Credibel S.A.
brbank.name.222=Banco Credit Agricole Brasil S.A.
brbank.name.505=Banco Credit Suisse (Brasil) S.A.
brbank.name.229=Banco Cruzeiro do Sul S.A.
brbank.name.266=Banco Cédula S.A.
brbank.name.3=Banco da Amazônia S.A.
brbank.name.083-3=Banco da China Brasil S.A.
brbank.name.M21=Banco Daimlerchrysler S.A.
brbank.name.707=Banco Daycoval S.A.
brbank.name.300=Banco de La Nacion Argentina
brbank.name.495=Banco de La Provincia de Buenos Aires
brbank.name.494=Banco de La Republica Oriental del Uruguay
brbank.name.M06=Banco de Lage Landen Brasil S.A.
brbank.name.24=Banco de Pernambuco S.A. - BANDEPE
brbank.name.456=Banco de Tokyo-Mitsubishi UFJ Brasil S.A.
brbank.name.214=Banco Dibens S.A.
brbank.name.1=Banco do Brasil S.A.
brbank.name.47=Banco do Estado de Sergipe S.A.
brbank.name.37=Banco do Estado do Pará S.A.
brbank.name.39=Banco do Estado do Piauí S.A. - BEP
brbank.name.41=Banco do Estado do Rio Grande do Sul S.A.
brbank.name.4=Banco do Nordeste do Brasil S.A.
brbank.name.265=Banco Fator S.A.
brbank.name.M03=Banco Fiat S.A.
brbank.name.224=Banco Fibra S.A.
brbank.name.626=Banco Ficsa S.A.
brbank.name.M18=Banco Ford S.A.
brbank.name.233=Banco GE Capital S.A.
brbank.name.734=Banco Gerdau S.A.
brbank.name.M07=Banco GMAC S.A.
brbank.name.612=Banco Guanabara S.A.
brbank.name.M22=Banco Honda S.A.
brbank.name.63=Banco Ibi S.A. Banco Múltiplo
brbank.name.M11=Banco IBM S.A.
brbank.name.604=Banco Industrial do Brasil S.A.
brbank.name.320=Banco Industrial e Comercial S.A.
brbank.name.653=Banco Indusval S.A.
brbank.name.630=Banco Intercap S.A.
brbank.name.077-9=Banco Intermedium S.A.
brbank.name.249=Banco Investcred Unibanco S.A.
brbank.name.M09=Banco Itaucred Financiamentos S.A.
brbank.name.184=Banco Itaú BBA S.A.
brbank.name.479=Banco ItaúBank S.A
brbank.name.376=Banco J. P. Morgan S.A.
brbank.name.74=Banco J. Safra S.A.
brbank.name.217=Banco John Deere S.A.
brbank.name.76=Banco KDB S.A.
brbank.name.757=Banco KEB do Brasil S.A.
brbank.name.600=Banco Luso Brasileiro S.A.
brbank.name.212=Banco Matone S.A.
brbank.name.M12=Banco Maxinvest S.A.
brbank.name.389=Banco Mercantil do Brasil S.A.
brbank.name.746=Banco Modal S.A.
brbank.name.M10=Banco Moneo S.A.
brbank.name.738=Banco Morada S.A.
brbank.name.66=Banco Morgan Stanley S.A.
brbank.name.243=Banco Máxima S.A.
brbank.name.45=Banco Opportunity S.A.
brbank.name.M17=Banco Ourinvest S.A.
brbank.name.623=Banco Panamericano S.A.
brbank.name.611=Banco Paulista S.A.
brbank.name.613=Banco Pecúnia S.A.
brbank.name.094-2=Banco Petra S.A.
brbank.name.643=Banco Pine S.A.
brbank.name.724=Banco Porto Seguro S.A.
brbank.name.735=Banco Pottencial S.A.
brbank.name.638=Banco Prosper S.A.
brbank.name.M24=Banco PSA Finance Brasil S.A.
brbank.name.747=Banco Rabobank International Brasil S.A.
brbank.name.088-4=Banco Randon S.A.
brbank.name.356=Banco Real S.A.
brbank.name.633=Banco Rendimento S.A.
brbank.name.741=Banco Ribeirão Preto S.A.
brbank.name.M16=Banco Rodobens S.A.
brbank.name.72=Banco Rural Mais S.A.
brbank.name.453=Banco Rural S.A.
brbank.name.422=Banco Safra S.A.
brbank.name.33=Banco Santander (Brasil) S.A.
brbank.name.250=Banco Schahin S.A.
brbank.name.743=Banco Semear S.A.
brbank.name.749=Banco Simples S.A.
brbank.name.366=Banco Société Générale Brasil S.A.
brbank.name.637=Banco Sofisa S.A.
brbank.name.12=Banco Standard de Investimentos S.A.
brbank.name.464=Banco Sumitomo Mitsui Brasileiro S.A.
brbank.name.082-5=Banco Topázio S.A.
brbank.name.M20=Banco Toyota do Brasil S.A.
brbank.name.M13=Banco Tricury S.A.
brbank.name.634=Banco Triângulo S.A.
brbank.name.M14=Banco Volkswagen S.A.
brbank.name.M23=Banco Volvo (Brasil) S.A.
brbank.name.655=Banco Votorantim S.A.
brbank.name.610=Banco VR S.A.
brbank.name.370=Banco WestLB do Brasil S.A.
brbank.name.21=BANESTES S.A. Banco do Estado do Espírito Santo
brbank.name.719=Banif-Banco Internacional do Funchal (Brasil)S.A.
brbank.name.755=Bank of America Merrill Lynch Banco Múltiplo S.A.
brbank.name.744=BankBoston N.A.
brbank.name.73=BB Banco Popular do Brasil S.A.
brbank.name.78=BES Investimento do Brasil S.A.-Banco de Investimento
brbank.name.69=BPN Brasil Banco Múltiplo S.A.
brbank.name.70=BRB - Banco de Brasília S.A.
brbank.name.092-2=Brickell S.A. Crédito, financiamento e Investimento
brbank.name.104=Caixa Econômica Federal
brbank.name.477=Citibank N.A.
brbank.name.081-7=Concórdia Banco S.A.
brbank.name.097-3=Cooperativa Central de Crédito Noroeste Brasileiro Ltda.
brbank.name.085-x=Cooperativa Central de Crédito Urbano-CECRED
brbank.name.099-x=Cooperativa Central de Economia e Credito Mutuo das Unicreds
brbank.name.090-2=Cooperativa Central de Economia e Crédito Mutuo das Unicreds
brbank.name.089-2=Cooperativa de Crédito Rural da Região de Mogiana
brbank.name.087-6=Cooperativa Unicred Central Santa Catarina
brbank.name.098-1=Credicorol Cooperativa de Crédito Rural
brbank.name.487=Deutsche Bank S.A. - Banco Alemão
brbank.name.751=Dresdner Bank Brasil S.A. - Banco Múltiplo
brbank.name.64=Goldman Sachs do Brasil Banco Múltiplo S.A.
brbank.name.62=Hipercard Banco Múltiplo S.A.
brbank.name.399=HSBC Bank Brasil S.A. - Banco Múltiplo
brbank.name.168=HSBC Finance (Brasil) S.A. - Banco Múltiplo
brbank.name.492=ING Bank N.V.
brbank.name.652=Itaú Unibanco Holding S.A.
brbank.name.341=Itaú Unibanco S.A.
brbank.name.79=JBS Banco S.A.
brbank.name.488=JPMorgan Chase Bank
brbank.name.14=Natixis Brasil S.A. Banco Múltiplo
brbank.name.753=NBC Bank Brasil S.A. - Banco Múltiplo
brbank.name.086-8=OBOE Crédito Financiamento e Investimento S.A.
brbank.name.254=Paraná Banco S.A.
brbank.name.409=UNIBANCO - União de Bancos Brasileiros S.A.
brbank.name.230=Unicard Banco Múltiplo S.A.
brbank.name.091-4=Unicred Central do Rio Grande do Sul
brbank.name.84=Unicred Norte do Paraná
